userName,firstName,lastName,email,password
graisher0,Gabi,Raisher,graisher0@jugem.jp,lx10xn
woharney1,Willard,O'Harney,woharney1@sciencedirect.com,6Za1XwwI0p
bdunklee2,Benni,Dunklee,bdunklee2@examiner.com,OdMthKF
dwilcott3,Davy,Wilcott,dwilcott3@t.co,fzPIm051
ksackey4,Kath,Sackey,ksackey4@cnn.com,bEcYidflh
hheintsch5,Halsey,Heintsch,hheintsch5@odnoklassniki.ru,AQuAl6W3PVG
koleszcuk6,Kerrie,Oleszcuk,koleszcuk6@mapquest.com,SBrV0joP721
relves7,Ricki,Elves,relves7@bloglines.com,4otBEQBD
mzanetti8,Mignonne,Zanetti,mzanetti8@sfgate.com,RdOcLyG2V28m
scissen9,Siward,Cissen,scissen9@va.gov,MQcmHHxAPuV
lstammersa,Lexis,Stammers,lstammersa@ca.gov,FTcnsqVm43
sgilvearb,Simmonds,Gilvear,sgilvearb@moonfruit.com,2iM7odOUx5
rmaccaheec,Reeva,MacCahee,rmaccaheec@cdbaby.com,1WrZbw3
sdulaked,Stormy,Dulake,sdulaked@spotify.com,cDv9xqJglL
ahinzee,Amabel,Hinze,ahinzee@netvibes.com,vNb4pEZ3E
ahatherleighf,Allegra,Hatherleigh,ahatherleighf@columbia.edu,IiLRnt3snW
ltrowlerg,Leontyne,Trowler,ltrowlerg@nasa.gov,mjT5QvXExYD
isineyh,Ilyse,Siney,isineyh@tiny.cc,h3cJHj6
ivanstonei,Isabella,Vanstone,ivanstonei@bravesites.com,4kzaEozq
rbodej,Reece,Bode,rbodej@prnewswire.com,pYziFsz6o
mgregolottik,Martguerita,Gregolotti,mgregolottik@princeton.edu,rs1e7CvX7EF
krehnl,Korey,Rehn,krehnl@boston.com,RDDPITWIz
dapplewhitem,Darnell,Applewhite,dapplewhitem@berkeley.edu,VabyeM4nFG
gsedgern,Gradeigh,Sedger,gsedgern@seattletimes.com,GMqotmLtKv
ewavello,Elwood,Wavell,ewavello@desdev.cn,Fja5kwwXaDSK
pphelitp,Pammi,Phelit,pphelitp@huffingtonpost.com,FqJKbe
gbradieq,Gavin,Bradie,gbradieq@nasa.gov,p7ygYLmA4
gsancroftr,Gunter,Sancroft,gsancroftr@live.com,qVySN1p
nwysomes,Nathalie,Wysome,nwysomes@cmu.edu,pWLQ5fU
nstifet,Nat,Stife,nstifet@cargocollective.com,D1cz3Ecf5aSk
tcorkettu,Tara,Corkett,tcorkettu@wp.com,qxUOwVPKWA
btilerv,Baillie,Tiler,btilerv@auda.org.au,UlK0vpToY
edenisonw,Erina,Denison,edenisonw@flavors.me,93Szz1HjyP
dlafflinx,Dorolice,Lafflin,dlafflinx@taobao.com,63aRDm
awinnardy,Alie,Winnard,awinnardy@unc.edu,UFmRTI9
hmeertz,Had,Meert,hmeertz@123-reg.co.uk,1Ee2x1P1W5EZ
rdavidge10,Rakel,Davidge,rdavidge10@fema.gov,0a5aZqb
sfeaver11,Skelly,Feaver,sfeaver11@cafepress.com,pnoIKxMq4
ascanlon12,Alberta,Scanlon,ascanlon12@state.gov,NATsmEp
ggrimsdike13,Gregor,Grimsdike,ggrimsdike13@ucoz.com,jJhbRO2O5b
dpitherick14,Diannne,Pitherick,dpitherick14@time.com,uZW6dD2h
mjansens15,Mason,Jansens,mjansens15@mapy.cz,s7E7u32YNj
laburrow16,Lesley,Aburrow,laburrow16@flickr.com,VwlfmD
glaphorn17,Guendolen,Laphorn,glaphorn17@ovh.net,SWzd8i
tcorballis18,Tallulah,Corballis,tcorballis18@artisteer.com,pxiOZ9AVH0
ccristou19,Cesar,Cristou,ccristou19@thetimes.co.uk,yRUthOJ
fphuprate1a,Frankie,Phuprate,fphuprate1a@unc.edu,jJIOtHS
tmatyushonok1b,Terri-jo,Matyushonok,tmatyushonok1b@latimes.com,ECb5aI
eludwell1c,Eolande,Ludwell,eludwell1c@about.com,6l3lFr1XTyFA
vhaps1d,Valentina,Haps,vhaps1d@wufoo.com,wjfNBZ
wbaythrop1e,Winifred,Baythrop,wbaythrop1e@angelfire.com,FMMP9uM
mtyght1f,Morris,Tyght,mtyght1f@washington.edu,vf7dq0
lcraighill1g,Louie,Craighill,lcraighill1g@zimbio.com,KfKCBZwzBzS
egilluley1h,Elwin,Gilluley,egilluley1h@qq.com,S0reKgO8p
srowson1i,Saleem,Rowson,srowson1i@gravatar.com,rso18Ijb8n
bhenaughan1j,Belinda,Henaughan,bhenaughan1j@wordpress.org,ztX8C53l
afinlaison1k,Athena,Finlaison,afinlaison1k@bbc.co.uk,HfOkJdhKR3
gfownes1l,Greg,Fownes,gfownes1l@elpais.com,NHbCbZ2s
zmarval1m,Zolly,Marval,zmarval1m@google.com.br,jbbjud
bperrat1n,Barty,Perrat,bperrat1n@multiply.com,keC06VU3
sbelderson1o,Susana,Belderson,sbelderson1o@yellowpages.com,K3bDqjXHzarl
gwallenger1p,Gabey,Wallenger,gwallenger1p@webeden.co.uk,s2ZNv0kz51H
shebbron1q,Sisile,Hebbron,shebbron1q@google.com.au,WGoQGRyeH
gizhak1r,Guinevere,Izhak,gizhak1r@yale.edu,U6d1Dus
moats1s,Meade,Oats,moats1s@smh.com.au,sXh4kLEP
bmilch1t,Beauregard,Milch,bmilch1t@jalbum.net,x1vXD5nKOB
mtaylo1u,Misha,Taylo,mtaylo1u@umich.edu,OKe27xs4kfo
sgreen1v,Si,Green,sgreen1v@over-blog.com,xmD7wNegIuXr
hnazer1w,Horace,Nazer,hnazer1w@webeden.co.uk,9HGGt0uJTPyZ
gdenisevich1x,Guenna,Denisevich,gdenisevich1x@nyu.edu,VgDuV4UbS
pascough1y,Patten,Ascough,pascough1y@wufoo.com,Jc0MiD2
adungate1z,Astra,Dungate,adungate1z@marketwatch.com,rkA9h1DLcfEt
jbettleson20,Justis,Bettleson,jbettleson20@tinyurl.com,XsYBk07e
hcantwell21,Heloise,Cantwell,hcantwell21@tmall.com,nwhd9H35H0D5
ddrewry22,Donella,Drewry,ddrewry22@sakura.ne.jp,g0D2cFQ
balger23,Bart,Alger,balger23@github.com,mkbccCf
ttitchard24,Tilda,Titchard,ttitchard24@archive.org,OdQeuPGaTo9G
rvondrach25,Rory,Vondrach,rvondrach25@alibaba.com,sOJK4Ya
jmclevie26,Julianne,McLevie,jmclevie26@clickbank.net,pC6YCSZ
erutherford27,Eba,Rutherford,erutherford27@huffingtonpost.com,GlMwkz
ktreweek28,Keane,Treweek,ktreweek28@drupal.org,vNIakbx9spC
ddytham29,Denni,Dytham,ddytham29@histats.com,1F0th2my
ctardiff2a,Conan,Tardiff,ctardiff2a@yahoo.co.jp,lt219tik
psolleme2b,Phillipp,Solleme,psolleme2b@dot.gov,XTO4Qdt5fq
tfullager2c,Terrie,Fullager,tfullager2c@delicious.com,eFkFqXyg9HwM
hjertz2d,Herculie,Jertz,hjertz2d@timesonline.co.uk,UFWrSqD2td
bglacken2e,Burk,Glacken,bglacken2e@wunderground.com,JpD5wONMrCr
jbrownsworth2f,Jasmine,Brownsworth,jbrownsworth2f@cmu.edu,tiNhhlVmO
dbroadhead2g,Durand,Broadhead,dbroadhead2g@aol.com,ojGDeb
adominicacci2h,Aviva,Dominicacci,adominicacci2h@google.com.br,QJ4jxLHpO
hbuddock2i,Hiram,Buddock,hbuddock2i@google.ca,E7ym0XHyc
njolliss2j,Ned,Jolliss,njolliss2j@printfriendly.com,FtsTUEn3
tgenner2k,Terza,Genner,tgenner2k@army.mil,kKLHsdtNdqo
dhaggas2l,Deina,Haggas,dhaggas2l@constantcontact.com,EUfkek
kplimmer2m,Karlie,Plimmer,kplimmer2m@oakley.com,rH2qjZQTX
bpeckham2n,Barrie,Peckham,bpeckham2n@squidoo.com,oBHgzZv
eocanavan2o,Enoch,O'Canavan,eocanavan2o@ifeng.com,IRekIXt
sjendrys2p,Sergeant,Jendrys,sjendrys2p@qq.com,JuLbt2881
nbatchelar2q,Nicoli,Batchelar,nbatchelar2q@wunderground.com,F90QfI
gference2r,Genvieve,Ference,gference2r@npr.org,9Gd3Xft1dzb
